<?xml version="1.0" encoding="utf-8"?>
<rss version="2.0" xmlns:dc="http://purl.org/dc/elements/1.1/" xmlns:sy="http://purl.org/rss/1.0/modules/syndication/" xmlns:admin="http://webns.net/mvcb/" xmlns:rdf="http://www.w3.org/1999/02/22-rdf-syntax-ns#" xmlns:content="http://purl.org/rss/1.0/modules/content/">
<channel>
<title>CMSimpleRealBlog</title>
<link>http:// ...</link>
<description>information</description>
<language>en</language>
<copyright>CopyRight</copyright>
<managingEditor>Email adress</managingEditor>
<image>
<title>CMSimpleRealBlog</title>
<url>http:// ... /logo.gif</url>
<link>http:// ...</link>
<width>65</width>
<height>35</height>
<description>information</description>
</image>
</channel>
</rss>
